0,1
D:/freelanceopencv/database/downloaded_images/FX6G.png,FX6G
D:/freelanceopencv/database/downloaded_images/JP2E.png,JP2E
D:/freelanceopencv/database/downloaded_images/ZHXV.png,ZHXV
D:/freelanceopencv/database/downloaded_images/INH5.png,INH5
D:/freelanceopencv/database/downloaded_images/0G38.png,0G38
D:/freelanceopencv/database/downloaded_images/IMG9.png,IMG9
D:/freelanceopencv/database/downloaded_images/MWT4.png,MWT4
D:/freelanceopencv/database/downloaded_images/640R.png,640R
D:/freelanceopencv/database/downloaded_images/GDIE.png,GDIE
D:/freelanceopencv/database/downloaded_images/GFN9.png,GFN9
D:/freelanceopencv/database/downloaded_images/IQ2Q.png,IQ2Q
D:/freelanceopencv/database/downloaded_images/JDG5.png,JDG5
D:/freelanceopencv/database/downloaded_images/NHZA.png,NHZA
D:/freelanceopencv/database/downloaded_images/BVRR.png,BVRR
D:/freelanceopencv/database/downloaded_images/ILD7.png,ILD7
D:/freelanceopencv/database/downloaded_images/K8DF.png,K8DF
D:/freelanceopencv/database/downloaded_images/06GL.png,06GL
D:/freelanceopencv/database/downloaded_images/B7P7.png,B7P7
D:/freelanceopencv/database/downloaded_images/XQQP.png,XQQP
D:/freelanceopencv/database/downloaded_images/OGAV.png,OGAV
D:/freelanceopencv/database/downloaded_images/D2N0.png,D2N0
D:/freelanceopencv/database/downloaded_images/VK12.png,VK12
D:/freelanceopencv/database/downloaded_images/3HY4.png,3HY4
D:/freelanceopencv/database/downloaded_images/2FN1.png,2FN1
D:/freelanceopencv/database/downloaded_images/4VJZ.png,4VJZ
D:/freelanceopencv/database/downloaded_images/F7GZ.png,F7GZ
D:/freelanceopencv/database/downloaded_images/IWWK.png,IWWK
D:/freelanceopencv/database/downloaded_images/HA75.png,HA75
D:/freelanceopencv/database/downloaded_images/NF1P.png,NF1P
D:/freelanceopencv/database/downloaded_images/9ZFA.png,9ZFA
D:/freelanceopencv/database/downloaded_images/6XY2.png,6XY2
D:/freelanceopencv/database/downloaded_images/PTER.png,PTER
D:/freelanceopencv/database/downloaded_images/R966.png,R966
D:/freelanceopencv/database/downloaded_images/PEV1.png,PEV1
D:/freelanceopencv/database/downloaded_images/1F7F.png,1F7F
D:/freelanceopencv/database/downloaded_images/TCNE.png,TCNE
D:/freelanceopencv/database/downloaded_images/TKQ4.png,TKQ4
D:/freelanceopencv/database/downloaded_images/3CGA.png,3CGA
D:/freelanceopencv/database/downloaded_images/9JQC.png,9JQC
D:/freelanceopencv/database/downloaded_images/T8HK.png,T8HK
D:/freelanceopencv/database/downloaded_images/6S6N.png,6S6N
D:/freelanceopencv/database/downloaded_images/FEFC.png,FEFC
D:/freelanceopencv/database/downloaded_images/56H1.png,56H1
D:/freelanceopencv/database/downloaded_images/RABG.png,RABG
D:/freelanceopencv/database/downloaded_images/JGFZ.png,JGFZ
D:/freelanceopencv/database/downloaded_images/TT71.png,TT71
D:/freelanceopencv/database/downloaded_images/6PKN.png,6PKN
D:/freelanceopencv/database/downloaded_images/RK02.png,RK02
D:/freelanceopencv/database/downloaded_images/FYDM.png,FYDM
D:/freelanceopencv/database/downloaded_images/5Q9W.png,5Q9W
D:/freelanceopencv/database/downloaded_images/T9GM.png,T9GM
D:/freelanceopencv/database/downloaded_images/KQ9P.png,KQ9P
D:/freelanceopencv/database/downloaded_images/TVIC.png,TVIC
D:/freelanceopencv/database/downloaded_images/3KDA.png,3KDA
D:/freelanceopencv/database/downloaded_images/MHWB.png,MHWB
D:/freelanceopencv/database/downloaded_images/OE5D.png,OE5D
D:/freelanceopencv/database/downloaded_images/G2ZA.png,G2ZA
D:/freelanceopencv/database/downloaded_images/3APR.png,3-Apr
D:/freelanceopencv/database/downloaded_images/C4IX.png,C4IX
D:/freelanceopencv/database/downloaded_images/C4C1.png,C4C1
D:/freelanceopencv/database/downloaded_images/JR5Q.png,JR5Q
D:/freelanceopencv/database/downloaded_images/IPA8.png,IPA8
D:/freelanceopencv/database/downloaded_images/7B8Q.png,7B8Q
D:/freelanceopencv/database/downloaded_images/J4XY.png,J4XY
D:/freelanceopencv/database/downloaded_images/HPHX.png,HPHX
D:/freelanceopencv/database/downloaded_images/99VI.png,99VI
D:/freelanceopencv/database/downloaded_images/JKY3.png,JKY3
D:/freelanceopencv/database/downloaded_images/D07H.png,D07H
D:/freelanceopencv/database/downloaded_images/XGDB.png,XGDB
D:/freelanceopencv/database/downloaded_images/DEZK.png,DEZK
D:/freelanceopencv/database/downloaded_images/GZN7.png,GZN7
D:/freelanceopencv/database/downloaded_images/8JEZ.png,8JEZ
D:/freelanceopencv/database/downloaded_images/4LFV.png,4LFV
D:/freelanceopencv/database/downloaded_images/RPRN.png,RPRN
D:/freelanceopencv/database/downloaded_images/MN5E.png,MN5E
D:/freelanceopencv/database/downloaded_images/ENV0.png,ENV0
D:/freelanceopencv/database/downloaded_images/LLBD.png,LLBD
D:/freelanceopencv/database/downloaded_images/CHAA.png,CHAA
D:/freelanceopencv/database/downloaded_images/58NC.png,58NC
D:/freelanceopencv/database/downloaded_images/4WXN.png,4WXN
D:/freelanceopencv/database/downloaded_images/AKWP.png,AKWP
D:/freelanceopencv/database/downloaded_images/L1RR.png,L1RR
D:/freelanceopencv/database/downloaded_images/YNWK.png,YNWK
D:/freelanceopencv/database/downloaded_images/TRA0.png,TRA0
D:/freelanceopencv/database/downloaded_images/I438.png,I438
D:/freelanceopencv/database/downloaded_images/LE71.png,LE71
D:/freelanceopencv/database/downloaded_images/FXNI.png,FXNI
D:/freelanceopencv/database/downloaded_images/JVWQ.png,JVWQ
D:/freelanceopencv/database/downloaded_images/XYR7.png,XYR7
D:/freelanceopencv/database/downloaded_images/2XA1.png,2XA1
D:/freelanceopencv/database/downloaded_images/AQ8B.png,AQ8B
D:/freelanceopencv/database/downloaded_images/Y6JF.png,Y6JF
D:/freelanceopencv/database/downloaded_images/ICZH.png,ICZH
D:/freelanceopencv/database/downloaded_images/YR26.png,YR26
D:/freelanceopencv/database/downloaded_images/DWT1.png,DWT1
D:/freelanceopencv/database/downloaded_images/CJQQ.png,CJQQ
D:/freelanceopencv/database/downloaded_images/JWZW.png,JWZW
D:/freelanceopencv/database/downloaded_images/OB3R.png,OB3R
D:/freelanceopencv/database/downloaded_images/I419.png,I419
D:/freelanceopencv/database/downloaded_images/Y52T.png,Y52T
D:/freelanceopencv/database/downloaded_images/F7VX.png,F7VX
D:/freelanceopencv/database/downloaded_images/AB9G.png,AB9G
D:/freelanceopencv/database/downloaded_images/YMVO.png,YMVO
D:/freelanceopencv/database/downloaded_images/N958.png,N958
D:/freelanceopencv/database/downloaded_images/LQP1.png,LQP1
D:/freelanceopencv/database/downloaded_images/TW2L.png,TW2L
D:/freelanceopencv/database/downloaded_images/A88W.png,A88W
D:/freelanceopencv/database/downloaded_images/EB82.png,EB82
D:/freelanceopencv/database/downloaded_images/4XL3.png,4XL3
D:/freelanceopencv/database/downloaded_images/BCNN.png,BCNN
D:/freelanceopencv/database/downloaded_images/PNPD.png,PNPD
D:/freelanceopencv/database/downloaded_images/X7KE.png,X7KE
D:/freelanceopencv/database/downloaded_images/02C1.png,02C1
D:/freelanceopencv/database/downloaded_images/T5W4.png,T5W4
D:/freelanceopencv/database/downloaded_images/VG35.png,VG35
D:/freelanceopencv/database/downloaded_images/N2BF.png,N2BF
D:/freelanceopencv/database/downloaded_images/X9Y2.png,X9Y2
D:/freelanceopencv/database/downloaded_images/TFJF.png,TFJF
D:/freelanceopencv/database/downloaded_images/2P7G.png,2P7G
D:/freelanceopencv/database/downloaded_images/99DG.png,99DG
D:/freelanceopencv/database/downloaded_images/PCPG.png,PCPG
D:/freelanceopencv/database/downloaded_images/AKBM.png,AKBM
D:/freelanceopencv/database/downloaded_images/2EKB.png,2EKB
D:/freelanceopencv/database/downloaded_images/6J2F.png,6J2F
D:/freelanceopencv/database/downloaded_images/HOHP.png,HOHP
D:/freelanceopencv/database/downloaded_images/XBWC.png,XBWC
D:/freelanceopencv/database/downloaded_images/6BZ6.png,6BZ6
D:/freelanceopencv/database/downloaded_images/1I7K.png,1I7K
D:/freelanceopencv/database/downloaded_images/R728.png,R728
D:/freelanceopencv/database/downloaded_images/97B4.png,97B4
D:/freelanceopencv/database/downloaded_images/YYCG.png,YYCG
D:/freelanceopencv/database/downloaded_images/X2I5.png,X2I5
D:/freelanceopencv/database/downloaded_images/1KX9.png,1KX9
D:/freelanceopencv/database/downloaded_images/365B.png,365B
D:/freelanceopencv/database/downloaded_images/MNE3.png,MNE3
D:/freelanceopencv/database/downloaded_images/VXLT.png,VXLT
D:/freelanceopencv/database/downloaded_images/F5WJ.png,F5WJ
D:/freelanceopencv/database/downloaded_images/ZBAB.png,ZBAB
D:/freelanceopencv/database/downloaded_images/Z73L.png,Z73L
D:/freelanceopencv/database/downloaded_images/IRL5.png,IRL5
D:/freelanceopencv/database/downloaded_images/8TRF.png,8TRF
D:/freelanceopencv/database/downloaded_images/9DFQ.png,9DFQ
D:/freelanceopencv/database/downloaded_images/KPVW.png,KPVW
D:/freelanceopencv/database/downloaded_images/59ZJ.png,59ZJ
D:/freelanceopencv/database/downloaded_images/AWQN.png,AWQN
D:/freelanceopencv/database/downloaded_images/Z1VO.png,Z1VO
D:/freelanceopencv/database/downloaded_images/NYEO.png,NYEO
D:/freelanceopencv/database/downloaded_images/8AN2.png,8AN2
D:/freelanceopencv/database/downloaded_images/2TWW.png,2TWW
D:/freelanceopencv/database/downloaded_images/R4AY.png,R4AY
D:/freelanceopencv/database/downloaded_images/QAXE.png,QAXE
D:/freelanceopencv/database/downloaded_images/9YWR.png,9YWR
D:/freelanceopencv/database/downloaded_images/5EMF.png,5EMF
D:/freelanceopencv/database/downloaded_images/L6GI.png,L6GI
D:/freelanceopencv/database/downloaded_images/P6KT.png,P6KT
D:/freelanceopencv/database/downloaded_images/LH9C.png,LH9C
D:/freelanceopencv/database/downloaded_images/TNPV.png,TNPV
D:/freelanceopencv/database/downloaded_images/15IE.png,15IE
D:/freelanceopencv/database/downloaded_images/ZH9E.png,ZH9E
D:/freelanceopencv/database/downloaded_images/GQQH.png,GQQH
D:/freelanceopencv/database/downloaded_images/4BQX.png,4BQX
D:/freelanceopencv/database/downloaded_images/V8AD.png,V8AD
D:/freelanceopencv/database/downloaded_images/B56C.png,B56C
D:/freelanceopencv/database/downloaded_images/KA05.png,KA05
D:/freelanceopencv/database/downloaded_images/MABC.png,MABC
D:/freelanceopencv/database/downloaded_images/80TF.png,80TF
D:/freelanceopencv/database/downloaded_images/GKIR.png,GKIR
D:/freelanceopencv/database/downloaded_images/19DQ.png,19DQ
D:/freelanceopencv/database/downloaded_images/ACG3.png,ACG3
D:/freelanceopencv/database/downloaded_images/67GV.png,67GV
D:/freelanceopencv/database/downloaded_images/2XFJ.png,2XFJ
D:/freelanceopencv/database/downloaded_images/OPXK.png,OPXK
D:/freelanceopencv/database/downloaded_images/LT6L.png,LT6L
D:/freelanceopencv/database/downloaded_images/7G4D.png,7G4D
D:/freelanceopencv/database/downloaded_images/6M9A.png,6M9A
D:/freelanceopencv/database/downloaded_images/5JIA.png,5JIA
D:/freelanceopencv/database/downloaded_images/93FD.png,93FD
D:/freelanceopencv/database/downloaded_images/BATT.png,BATT
D:/freelanceopencv/database/downloaded_images/YA2Z.png,YA2Z
D:/freelanceopencv/database/downloaded_images/W8YZ.png,W8YZ
D:/freelanceopencv/database/downloaded_images/GHD8.png,GHD8
D:/freelanceopencv/database/downloaded_images/V9H7.png,V9H7
D:/freelanceopencv/database/downloaded_images/NRRJ.png,NRRJ
D:/freelanceopencv/database/downloaded_images/MR6D.png,MR6D
D:/freelanceopencv/database/downloaded_images/Y4KO.png,Y4KO
D:/freelanceopencv/database/downloaded_images/KBQ7.png,KBQ7
D:/freelanceopencv/database/downloaded_images/ILN1.png,ILN1
D:/freelanceopencv/database/downloaded_images/55QF.png,55QF
D:/freelanceopencv/database/downloaded_images/Z5FW.png,Z5FW
D:/freelanceopencv/database/downloaded_images/L4V0.png,L4V0
D:/freelanceopencv/database/downloaded_images/LAVY.png,LAVY
D:/freelanceopencv/database/downloaded_images/K6HB.png,K6HB
D:/freelanceopencv/database/downloaded_images/D3X3.png,D3X3
D:/freelanceopencv/database/downloaded_images/7Z7Q.png,7Z7Q
D:/freelanceopencv/database/downloaded_images/D6AF.png,D6AF
D:/freelanceopencv/database/downloaded_images/6GJF.png,6GJF
D:/freelanceopencv/database/downloaded_images/DMYL.png,DMYL
D:/freelanceopencv/database/downloaded_images/1B5E.png,1B5E
D:/freelanceopencv/database/downloaded_images/8QW0.png,8QW0
D:/freelanceopencv/database/downloaded_images/79PZ.png,79PZ
D:/freelanceopencv/database/downloaded_images/FCRW.png,FCRW
D:/freelanceopencv/database/downloaded_images/5LXX.png,5LXX
D:/freelanceopencv/database/downloaded_images/VWBH.png,VWBH
D:/freelanceopencv/database/downloaded_images/GPKC.png,GPKC
D:/freelanceopencv/database/downloaded_images/GNBR.png,GNBR
D:/freelanceopencv/database/downloaded_images/VYMM.png,VYMM
D:/freelanceopencv/database/downloaded_images/NZBE.png,NZBE
D:/freelanceopencv/database/downloaded_images/HVZD.png,HVZD
D:/freelanceopencv/database/downloaded_images/OXL9.png,OXL9
D:/freelanceopencv/database/downloaded_images/1WXC.png,1WXC
D:/freelanceopencv/database/downloaded_images/0LFX.png,0LFX
D:/freelanceopencv/database/downloaded_images/6VTZ.png,6VTZ
D:/freelanceopencv/database/downloaded_images/ZLNJ.png,ZLNJ
D:/freelanceopencv/database/downloaded_images/XW40.png,XW40
D:/freelanceopencv/database/downloaded_images/5GMG.png,5GMG
D:/freelanceopencv/database/downloaded_images/2J8M.png,2J8M
D:/freelanceopencv/database/downloaded_images/IQLK.png,IQLK
D:/freelanceopencv/database/downloaded_images/X4Z1.png,X4Z1
D:/freelanceopencv/database/downloaded_images/GM8P.png,GM8P
D:/freelanceopencv/database/downloaded_images/PCZR.png,PCZR
D:/freelanceopencv/database/downloaded_images/MHE6.png,MHE6
D:/freelanceopencv/database/downloaded_images/RYJX.png,RYJX
D:/freelanceopencv/database/downloaded_images/55WI.png,55WI
D:/freelanceopencv/database/downloaded_images/MG47.png,MG47
D:/freelanceopencv/database/downloaded_images/RE99.png,RE99
D:/freelanceopencv/database/downloaded_images/TP1D.png,TP1D
D:/freelanceopencv/database/downloaded_images/CC2C.png,CC2C
D:/freelanceopencv/database/downloaded_images/CFZZ.png,CFZZ
D:/freelanceopencv/database/downloaded_images/R3GI.png,R3GI
D:/freelanceopencv/database/downloaded_images/IJW1.png,IJW1
D:/freelanceopencv/database/downloaded_images/29XC.png,29XC
D:/freelanceopencv/database/downloaded_images/VKKA.png,VKKA
D:/freelanceopencv/database/downloaded_images/XB6V.png,XB6V
D:/freelanceopencv/database/downloaded_images/QZIK.png,QZIK
D:/freelanceopencv/database/downloaded_images/DZY4.png,DZY4
D:/freelanceopencv/database/downloaded_images/V49Q.png,V49Q
D:/freelanceopencv/database/downloaded_images/YJIH.png,YJIH
D:/freelanceopencv/database/downloaded_images/17XH.png,17XH
D:/freelanceopencv/database/downloaded_images/KG7X.png,KG7X
D:/freelanceopencv/database/downloaded_images/DJLJ.png,DJLJ
D:/freelanceopencv/database/downloaded_images/FFIB.png,FFIB
D:/freelanceopencv/database/downloaded_images/2LW7.png,2LW7
D:/freelanceopencv/database/downloaded_images/Y7GH.png,Y7GH
D:/freelanceopencv/database/downloaded_images/B0ZK.png,B0ZK
D:/freelanceopencv/database/downloaded_images/T4KC.png,T4KC
D:/freelanceopencv/database/downloaded_images/MVCL.png,MVCL
D:/freelanceopencv/database/downloaded_images/IY7R.png,IY7R
D:/freelanceopencv/database/downloaded_images/QEKE.png,QEKE
D:/freelanceopencv/database/downloaded_images/JHBW.png,JHBW
D:/freelanceopencv/database/downloaded_images/I6R8.png,I6R8
D:/freelanceopencv/database/downloaded_images/N0JD.png,N0JD
D:/freelanceopencv/database/downloaded_images/AJAY.png,AJAY
D:/freelanceopencv/database/downloaded_images/QVMF.png,QVMF
D:/freelanceopencv/database/downloaded_images/643E.png,643E
D:/freelanceopencv/database/downloaded_images/N4F8.png,N4F8
D:/freelanceopencv/database/downloaded_images/QF2D.png,QF2D
D:/freelanceopencv/database/downloaded_images/9GLQ.png,9GLQ
D:/freelanceopencv/database/downloaded_images/GB4F.png,GB4F
D:/freelanceopencv/database/downloaded_images/ZWFX.png,ZWFX
D:/freelanceopencv/database/downloaded_images/DG22.png,DG22
D:/freelanceopencv/database/downloaded_images/D79B.png,D79B
D:/freelanceopencv/database/downloaded_images/RM5X.png,RM5X
D:/freelanceopencv/database/downloaded_images/I0D9.png,I0D9
D:/freelanceopencv/database/downloaded_images/166N.png,166N
D:/freelanceopencv/database/downloaded_images/H33T.png,H33T
D:/freelanceopencv/database/downloaded_images/Q2AC.png,Q2AC
D:/freelanceopencv/database/downloaded_images/3WJ8.png,3WJ8
D:/freelanceopencv/database/downloaded_images/N7PR.png,N7PR
D:/freelanceopencv/database/downloaded_images/THYH.png,THYH
D:/freelanceopencv/database/downloaded_images/RAIA.png,RAIA
D:/freelanceopencv/database/downloaded_images/8IQ0.png,8IQ0
D:/freelanceopencv/database/downloaded_images/2QL0.png,2QL0
D:/freelanceopencv/database/downloaded_images/F20I.png,F20I
D:/freelanceopencv/database/downloaded_images/3AEP.png,3AEP
D:/freelanceopencv/database/downloaded_images/3DDG.png,3DDG
D:/freelanceopencv/database/downloaded_images/BJLH.png,BJLH
D:/freelanceopencv/database/downloaded_images/TWQZ.png,TWQZ
D:/freelanceopencv/database/downloaded_images/JBZI.png,JBZI
D:/freelanceopencv/database/downloaded_images/1ZOX.png,1ZOX
D:/freelanceopencv/database/downloaded_images/LQBL.png,LQBL
D:/freelanceopencv/database/downloaded_images/006I.png,006I
D:/freelanceopencv/database/downloaded_images/JFN6.png,JFN6
D:/freelanceopencv/database/downloaded_images/2JN2.png,2JN2
D:/freelanceopencv/database/downloaded_images/MCNC.png,MCNC
D:/freelanceopencv/database/downloaded_images/QV10.png,QV10
D:/freelanceopencv/database/downloaded_images/7F5V.png,7F5V
D:/freelanceopencv/database/downloaded_images/F8R6.png,F8R6
D:/freelanceopencv/database/downloaded_images/CBI2.png,CBI2
D:/freelanceopencv/database/downloaded_images/QCVR.png,QCVR
D:/freelanceopencv/database/downloaded_images/G3KP.png,G3KP
D:/freelanceopencv/database/downloaded_images/O5TZ.png,O5TZ
D:/freelanceopencv/database/downloaded_images/5833.png,5833
D:/freelanceopencv/database/downloaded_images/VQKG.png,VQKG
D:/freelanceopencv/database/downloaded_images/YN6Y.png,YN6Y
D:/freelanceopencv/database/downloaded_images/MDDY.png,MDDY
D:/freelanceopencv/database/downloaded_images/WYX3.png,WYX3
D:/freelanceopencv/database/downloaded_images/QLPA.png,QLPA
D:/freelanceopencv/database/downloaded_images/1TWE.png,1TWE
D:/freelanceopencv/database/downloaded_images/TEIC.png,TEIC
D:/freelanceopencv/database/downloaded_images/DVHE.png,DVHE
D:/freelanceopencv/database/downloaded_images/5796.png,5796
D:/freelanceopencv/database/downloaded_images/FRCQ.png,FRCQ
D:/freelanceopencv/database/downloaded_images/3NFQ.png,3NFQ
D:/freelanceopencv/database/downloaded_images/C9YI.png,C9YI
D:/freelanceopencv/database/downloaded_images/C88B.png,C88B
D:/freelanceopencv/database/downloaded_images/2F39.png,2F39
D:/freelanceopencv/database/downloaded_images/GV3M.png,GV3M
D:/freelanceopencv/database/downloaded_images/I9TZ.png,I9TZ
D:/freelanceopencv/database/downloaded_images/I90Y.png,I90Y
D:/freelanceopencv/database/downloaded_images/82W8.png,82W8
D:/freelanceopencv/database/downloaded_images/KV2G.png,KV2G
D:/freelanceopencv/database/downloaded_images/1CM9.png,1CM9
D:/freelanceopencv/database/downloaded_images/4KAA.png,4KAA
D:/freelanceopencv/database/downloaded_images/X0XK.png,X0XK
D:/freelanceopencv/database/downloaded_images/XWXN.png,XWXN
D:/freelanceopencv/database/downloaded_images/W6AL.png,W6AL
D:/freelanceopencv/database/downloaded_images/RE4P.png,RE4P
D:/freelanceopencv/database/downloaded_images/7J4Z.png,7J4Z
D:/freelanceopencv/database/downloaded_images/1H3W.png,1H3W
D:/freelanceopencv/database/downloaded_images/LYK9.png,LYK9
D:/freelanceopencv/database/downloaded_images/ELI9.png,ELI9
D:/freelanceopencv/database/downloaded_images/IZZ1.png,IZZ1
D:/freelanceopencv/database/downloaded_images/DMM6.png,DMM6
D:/freelanceopencv/database/downloaded_images/D3NZ.png,D3NZ
D:/freelanceopencv/database/downloaded_images/ZFI2.png,ZFI2
D:/freelanceopencv/database/downloaded_images/2G01.png,2G01
D:/freelanceopencv/database/downloaded_images/K7Y5.png,K7Y5
D:/freelanceopencv/database/downloaded_images/L6IH.png,L6IH
D:/freelanceopencv/database/downloaded_images/JTXG.png,JTXG
D:/freelanceopencv/database/downloaded_images/BWB3.png,BWB3
D:/freelanceopencv/database/downloaded_images/1HPV.png,1HPV
D:/freelanceopencv/database/downloaded_images/KWRM.png,KWRM
D:/freelanceopencv/database/downloaded_images/IKIB.png,IKIB
D:/freelanceopencv/database/downloaded_images/W5XF.png,W5XF
D:/freelanceopencv/database/downloaded_images/4KDL.png,4KDL
D:/freelanceopencv/database/downloaded_images/8MTC.png,8MTC
D:/freelanceopencv/database/downloaded_images/9F7J.png,9F7J
D:/freelanceopencv/database/downloaded_images/TY4H.png,TY4H
D:/freelanceopencv/database/downloaded_images/5QG3.png,5QG3
D:/freelanceopencv/database/downloaded_images/B143.png,B143
D:/freelanceopencv/database/downloaded_images/4PC2.png,4PC2
D:/freelanceopencv/database/downloaded_images/XDWB.png,XDWB
D:/freelanceopencv/database/downloaded_images/QLQ1.png,QLQ1
D:/freelanceopencv/database/downloaded_images/67K1.png,67K1
D:/freelanceopencv/database/downloaded_images/RQ7W.png,RQ7W
D:/freelanceopencv/database/downloaded_images/T3PX.png,T3PX
D:/freelanceopencv/database/downloaded_images/MPVN.png,MPVN
D:/freelanceopencv/database/downloaded_images/M07C.png,M07C
D:/freelanceopencv/database/downloaded_images/470F.png,470F
D:/freelanceopencv/database/downloaded_images/OC1E.png,OC1E
D:/freelanceopencv/database/downloaded_images/BER6.png,BER6
D:/freelanceopencv/database/downloaded_images/VZ2X.png,VZ2X
D:/freelanceopencv/database/downloaded_images/WF52.png,WF52
D:/freelanceopencv/database/downloaded_images/1CWK.png,1CWK
D:/freelanceopencv/database/downloaded_images/T7Z6.png,T7Z6
D:/freelanceopencv/database/downloaded_images/56IK.png,56IK
D:/freelanceopencv/database/downloaded_images/ZBQQ.png,ZBQQ
D:/freelanceopencv/database/downloaded_images/4NHD.png,4NHD
D:/freelanceopencv/database/downloaded_images/YB5P.png,YB5P
D:/freelanceopencv/database/downloaded_images/JNXZ.png,JNXZ
D:/freelanceopencv/database/downloaded_images/7RQ6.png,7RQ6
D:/freelanceopencv/database/downloaded_images/AJ2J.png,AJ2J
D:/freelanceopencv/database/downloaded_images/2V3H.png,2V3H
D:/freelanceopencv/database/downloaded_images/JP8R.png,JP8R
D:/freelanceopencv/database/downloaded_images/2VVH.png,2VVH
D:/freelanceopencv/database/downloaded_images/G3GP.png,G3GP
D:/freelanceopencv/database/downloaded_images/GVXM.png,GVXM
D:/freelanceopencv/database/downloaded_images/IDXN.png,IDXN
D:/freelanceopencv/database/downloaded_images/RC8M.png,RC8M
D:/freelanceopencv/database/downloaded_images/GRR2.png,GRR2
D:/freelanceopencv/database/downloaded_images/N4L2.png,N4L2
D:/freelanceopencv/database/downloaded_images/EN6V.png,EN6V
D:/freelanceopencv/database/downloaded_images/85RJ.png,85RJ
D:/freelanceopencv/database/downloaded_images/Y117.png,Y117
D:/freelanceopencv/database/downloaded_images/WWCQ.png,WWCQ
D:/freelanceopencv/database/downloaded_images/HACY.png,HACY
D:/freelanceopencv/database/downloaded_images/YLEN.png,YLEN
D:/freelanceopencv/database/downloaded_images/Y3F0.png,Y3F0
D:/freelanceopencv/database/downloaded_images/DQ30.png,DQ30
D:/freelanceopencv/database/downloaded_images/8VYL.png,8VYL
D:/freelanceopencv/database/downloaded_images/XZ2D.png,XZ2D
D:/freelanceopencv/database/downloaded_images/W90M.png,W90M
D:/freelanceopencv/database/downloaded_images/ACV1.png,ACV1
D:/freelanceopencv/database/downloaded_images/TPIZ.png,TPIZ
D:/freelanceopencv/database/downloaded_images/7BLT.png,7BLT
D:/freelanceopencv/database/downloaded_images/72D5.png,72D5
D:/freelanceopencv/database/downloaded_images/25EV.png,25EV
D:/freelanceopencv/database/downloaded_images/131H.png,131H
D:/freelanceopencv/database/downloaded_images/KIC1.png,KIC1
D:/freelanceopencv/database/downloaded_images/KY9C.png,KY9C
D:/freelanceopencv/database/downloaded_images/HPGW.png,HPGW
D:/freelanceopencv/database/downloaded_images/PCAW.png,PCAW
D:/freelanceopencv/database/downloaded_images/BIQE.png,BIQE
D:/freelanceopencv/database/downloaded_images/DQT5.png,DQT5
D:/freelanceopencv/database/downloaded_images/843N.png,843N
D:/freelanceopencv/database/downloaded_images/E6P3.png,E6P3
D:/freelanceopencv/database/downloaded_images/WD4N.png,WD4N
D:/freelanceopencv/database/downloaded_images/69JK.png,69JK
D:/freelanceopencv/database/downloaded_images/W112.png,W112
D:/freelanceopencv/database/downloaded_images/6PC2.png,6PC2
D:/freelanceopencv/database/downloaded_images/X418.png,X418
D:/freelanceopencv/database/downloaded_images/RKF0.png,RKF0
D:/freelanceopencv/database/downloaded_images/ACWW.png,ACWW
D:/freelanceopencv/database/downloaded_images/BD31.png,BD31
D:/freelanceopencv/database/downloaded_images/J3JW.png,J3JW
D:/freelanceopencv/database/downloaded_images/M6XZ.png,M6XZ
D:/freelanceopencv/database/downloaded_images/HA0H.png,HA0H
D:/freelanceopencv/database/downloaded_images/9HKJ.png,9HKJ
D:/freelanceopencv/database/downloaded_images/BAMY.png,BAMY
D:/freelanceopencv/database/downloaded_images/MM39.png,MM39
D:/freelanceopencv/database/downloaded_images/BKK0.png,BKK0
D:/freelanceopencv/database/downloaded_images/XZAG.png,XZAG
D:/freelanceopencv/database/downloaded_images/J0KF.png,J0KF
D:/freelanceopencv/database/downloaded_images/IJXH.png,IJXH
D:/freelanceopencv/database/downloaded_images/5HA1.png,5HA1
D:/freelanceopencv/database/downloaded_images/RDJ7.png,RDJ7
D:/freelanceopencv/database/downloaded_images/N80E.png,N80E
D:/freelanceopencv/database/downloaded_images/DOPF.png,DOPF
D:/freelanceopencv/database/downloaded_images/A4QE.png,A4QE
D:/freelanceopencv/database/downloaded_images/94A4.png,94A4
D:/freelanceopencv/database/downloaded_images/BFMQ.png,BFMQ
D:/freelanceopencv/database/downloaded_images/QFTK.png,QFTK
D:/freelanceopencv/database/downloaded_images/QHBZ.png,QHBZ
D:/freelanceopencv/database/downloaded_images/ZA8B.png,ZA8B
D:/freelanceopencv/database/downloaded_images/PTLH.png,PTLH
D:/freelanceopencv/database/downloaded_images/F8PQ.png,F8PQ
D:/freelanceopencv/database/downloaded_images/GFDD.png,GFDD
D:/freelanceopencv/database/downloaded_images/TMQP.png,TMQP
D:/freelanceopencv/database/downloaded_images/IJRT.png,IJRT
D:/freelanceopencv/database/downloaded_images/NLWH.png,NLWH
D:/freelanceopencv/database/downloaded_images/IQMH.png,IQMH
D:/freelanceopencv/database/downloaded_images/TAQV.png,TAQV
D:/freelanceopencv/database/downloaded_images/ZB5W.png,ZB5W
D:/freelanceopencv/database/downloaded_images/8PHT.png,8PHT
D:/freelanceopencv/database/downloaded_images/GLEF.png,GLEF
D:/freelanceopencv/database/downloaded_images/RD3Q.png,RD3Q
D:/freelanceopencv/database/downloaded_images/N6FF.png,N6FF
D:/freelanceopencv/database/downloaded_images/3GYX.png,3GYX
D:/freelanceopencv/database/downloaded_images/WJD6.png,WJD6
D:/freelanceopencv/database/downloaded_images/82TJ.png,82TJ
D:/freelanceopencv/database/downloaded_images/TG5D.png,TG5D
D:/freelanceopencv/database/downloaded_images/YLLX.png,YLLX
D:/freelanceopencv/database/downloaded_images/5ZBJ.png,5ZBJ
D:/freelanceopencv/database/downloaded_images/YL4C.png,YL4C
D:/freelanceopencv/database/downloaded_images/085K.png,085K
D:/freelanceopencv/database/downloaded_images/Z56W.png,Z56W
D:/freelanceopencv/database/downloaded_images/0C39.png,0C39
D:/freelanceopencv/database/downloaded_images/JW54.png,JW54
D:/freelanceopencv/database/downloaded_images/9LYZ.png,9LYZ
D:/freelanceopencv/database/downloaded_images/XVCA.png,XVCA
D:/freelanceopencv/database/downloaded_images/9240.png,9240
D:/freelanceopencv/database/downloaded_images/B4LO.png,B4LO
D:/freelanceopencv/database/downloaded_images/M2NK.png,M2NK
D:/freelanceopencv/database/downloaded_images/VQM5.png,VQM5
D:/freelanceopencv/database/downloaded_images/GOG7.png,GOG7
D:/freelanceopencv/database/downloaded_images/LJ71.png,LJ71
D:/freelanceopencv/database/downloaded_images/OXP4.png,OXP4
D:/freelanceopencv/database/downloaded_images/4XGT.png,4XGT
D:/freelanceopencv/database/downloaded_images/CL9F.png,CL9F
D:/freelanceopencv/database/downloaded_images/KWTE.png,KWTE
D:/freelanceopencv/database/downloaded_images/2D4Q.png,2D4Q
D:/freelanceopencv/database/downloaded_images/EGB9.png,EGB9
D:/freelanceopencv/database/downloaded_images/DTHC.png,DTHC
D:/freelanceopencv/database/downloaded_images/0QH2.png,0QH2
D:/freelanceopencv/database/downloaded_images/YCRE.png,YCRE
D:/freelanceopencv/database/downloaded_images/41J3.png,41J3
D:/freelanceopencv/database/downloaded_images/2YYP.png,2YYP
D:/freelanceopencv/database/downloaded_images/KT6B.png,KT6B
D:/freelanceopencv/database/downloaded_images/RPDC.png,RPDC
D:/freelanceopencv/database/downloaded_images/9PGE.png,9PGE
D:/freelanceopencv/database/downloaded_images/5N9G.png,5N9G
D:/freelanceopencv/database/downloaded_images/DKCC.png,DKCC
D:/freelanceopencv/database/downloaded_images/XPT7.png,XPT7
D:/freelanceopencv/database/downloaded_images/EHM2.png,EHM2
D:/freelanceopencv/database/downloaded_images/X9TW.png,X9TW
D:/freelanceopencv/database/downloaded_images/PL2G.png,PL2G
D:/freelanceopencv/database/downloaded_images/V3KK.png,V3KK
D:/freelanceopencv/database/downloaded_images/NYYV.png,NYYV
D:/freelanceopencv/database/downloaded_images/K5Z6.png,K5Z6
D:/freelanceopencv/database/downloaded_images/TIYQ.png,TIYQ
D:/freelanceopencv/database/downloaded_images/4CYL.png,4CYL
D:/freelanceopencv/database/downloaded_images/GDYB.png,GDYB
D:/freelanceopencv/database/downloaded_images/HN1E.png,HN1E
D:/freelanceopencv/database/downloaded_images/XDF5.png,XDF5
D:/freelanceopencv/database/downloaded_images/H26K.png,H26K
D:/freelanceopencv/database/downloaded_images/NM48.png,NM48
D:/freelanceopencv/database/downloaded_images/93EC.png,93EC
D:/freelanceopencv/database/downloaded_images/ALJF.png,ALJF
D:/freelanceopencv/database/downloaded_images/P82Z.png,P82Z
D:/freelanceopencv/database/downloaded_images/W3Z2.png,W3Z2
D:/freelanceopencv/database/downloaded_images/DQ3I.png,DQ3I
D:/freelanceopencv/database/downloaded_images/BL79.png,BL79
D:/freelanceopencv/database/downloaded_images/JZ1R.png,JZ1R
D:/freelanceopencv/database/downloaded_images/ACEX.png,ACEX
D:/freelanceopencv/database/downloaded_images/BFDI.png,BFDI
D:/freelanceopencv/database/downloaded_images/GE65.png,GE65
D:/freelanceopencv/database/downloaded_images/003I.png,003I
D:/freelanceopencv/database/downloaded_images/9RL4.png,9RL4
D:/freelanceopencv/database/downloaded_images/YYZ1.png,YYZ1
D:/freelanceopencv/database/downloaded_images/V9VE.png,V9VE
D:/freelanceopencv/database/downloaded_images/YTIE.png,YTIE
D:/freelanceopencv/database/downloaded_images/GZND.png,GZND
D:/freelanceopencv/database/downloaded_images/AXEI.png,AXEI
D:/freelanceopencv/database/downloaded_images/ZKV5.png,ZKV5
D:/freelanceopencv/database/downloaded_images/EEX0.png,EEX0
D:/freelanceopencv/database/downloaded_images/ZQNF.png,ZQNF
D:/freelanceopencv/database/downloaded_images/FV11.png,FV11
D:/freelanceopencv/database/downloaded_images/0Q4T.png,0Q4T
D:/freelanceopencv/database/downloaded_images/64G9.png,64G9
D:/freelanceopencv/database/downloaded_images/F9PX.png,F9PX
D:/freelanceopencv/database/downloaded_images/AQ5Y.png,AQ5Y
D:/freelanceopencv/database/downloaded_images/OKQ6.png,OKQ6
D:/freelanceopencv/database/downloaded_images/XLVJ.png,XLVJ
D:/freelanceopencv/database/downloaded_images/P0GE.png,P0GE
D:/freelanceopencv/database/downloaded_images/T4LW.png,T4LW
D:/freelanceopencv/database/downloaded_images/QEHJ.png,QEHJ
D:/freelanceopencv/database/downloaded_images/Y0PR.png,Y0PR
D:/freelanceopencv/database/downloaded_images/GFIC.png,GFIC
D:/freelanceopencv/database/downloaded_images/2LZK.png,2LZK
D:/freelanceopencv/database/downloaded_images/ZFR3.png,ZFR3
D:/freelanceopencv/database/downloaded_images/95I2.png,95I2
D:/freelanceopencv/database/downloaded_images/NC1Q.png,NC1Q
D:/freelanceopencv/database/downloaded_images/VFP8.png,VFP8
D:/freelanceopencv/database/downloaded_images/GMEQ.png,GMEQ
D:/freelanceopencv/database/downloaded_images/RJZC.png,RJZC
D:/freelanceopencv/database/downloaded_images/8LFT.png,8LFT
D:/freelanceopencv/database/downloaded_images/NI3N.png,NI3N
D:/freelanceopencv/database/downloaded_images/1DP1.png,1DP1
D:/freelanceopencv/database/downloaded_images/TGAX.png,TGAX
D:/freelanceopencv/database/downloaded_images/E95B.png,E95B
D:/freelanceopencv/database/downloaded_images/XK5Z.png,XK5Z
D:/freelanceopencv/database/downloaded_images/1LFX.png,1LFX
D:/freelanceopencv/database/downloaded_images/8KLW.png,8KLW
D:/freelanceopencv/database/downloaded_images/A39N.png,A39N
D:/freelanceopencv/database/downloaded_images/LLEV.png,LLEV
D:/freelanceopencv/database/downloaded_images/1107.png,1107
D:/freelanceopencv/database/downloaded_images/ICHQ.png,ICHQ
D:/freelanceopencv/database/downloaded_images/J5KT.png,J5KT
D:/freelanceopencv/database/downloaded_images/28WD.png,28WD
D:/freelanceopencv/database/downloaded_images/JGZY.png,JGZY
D:/freelanceopencv/database/downloaded_images/V6QI.png,V6QI
D:/freelanceopencv/database/downloaded_images/RC11.png,RC11
D:/freelanceopencv/database/downloaded_images/6F99.png,6F99
D:/freelanceopencv/database/downloaded_images/OW46.png,OW46
D:/freelanceopencv/database/downloaded_images/J7WT.png,J7WT
D:/freelanceopencv/database/downloaded_images/OFAG.png,OFAG
D:/freelanceopencv/database/downloaded_images/8MKG.png,8MKG
D:/freelanceopencv/database/downloaded_images/N1AC.png,N1AC
D:/freelanceopencv/database/downloaded_images/JWBV.png,JWBV
D:/freelanceopencv/database/downloaded_images/8551.png,8551
D:/freelanceopencv/database/downloaded_images/0BQA.png,0BQA
D:/freelanceopencv/database/downloaded_images/3G4C.png,3G4C
D:/freelanceopencv/database/downloaded_images/D8N1.png,D8N1
D:/freelanceopencv/database/downloaded_images/1R50.png,1R50
D:/freelanceopencv/database/downloaded_images/IVEQ.png,IVEQ
D:/freelanceopencv/database/downloaded_images/RJ0G.png,RJ0G
D:/freelanceopencv/database/downloaded_images/ZNKH.png,ZNKH
D:/freelanceopencv/database/downloaded_images/PMZH.png,PMZH
D:/freelanceopencv/database/downloaded_images/GJEC.png,GJEC
D:/freelanceopencv/database/downloaded_images/CDPA.png,CDPA
D:/freelanceopencv/database/downloaded_images/B2GM.png,B2GM
D:/freelanceopencv/database/downloaded_images/C9KK.png,C9KK
D:/freelanceopencv/database/downloaded_images/PFG1.png,PFG1
D:/freelanceopencv/database/downloaded_images/7DPO.png,7DPO
D:/freelanceopencv/database/downloaded_images/YQ4Q.png,YQ4Q
D:/freelanceopencv/database/downloaded_images/RJTP.png,RJTP
D:/freelanceopencv/database/downloaded_images/DTTQ.png,DTTQ
D:/freelanceopencv/database/downloaded_images/J6GR.png,J6GR
D:/freelanceopencv/database/downloaded_images/VW4L.png,VW4L
D:/freelanceopencv/database/downloaded_images/YL8G.png,YL8G
D:/freelanceopencv/database/downloaded_images/8K8I.png,8K8I
D:/freelanceopencv/database/downloaded_images/IQXR.png,IQXR
D:/freelanceopencv/database/downloaded_images/CHAV.png,CHAV
D:/freelanceopencv/database/downloaded_images/6TAK.png,6TAK
D:/freelanceopencv/database/downloaded_images/8KLA.png,8KLA
D:/freelanceopencv/database/downloaded_images/6QHK.png,6QHK
D:/freelanceopencv/database/downloaded_images/E3B1.png,E3B1
D:/freelanceopencv/database/downloaded_images/2N4I.png,2N4I
D:/freelanceopencv/database/downloaded_images/264F.png,264F
D:/freelanceopencv/database/downloaded_images/63LZ.png,63LZ
D:/freelanceopencv/database/downloaded_images/VM70.png,VM70
D:/freelanceopencv/database/downloaded_images/HGRI.png,HGRI
D:/freelanceopencv/database/downloaded_images/IPWM.png,IPWM
D:/freelanceopencv/database/downloaded_images/IFHX.png,IFHX
D:/freelanceopencv/database/downloaded_images/KID4.png,KID4
D:/freelanceopencv/database/downloaded_images/LCI8.png,LCI8
D:/freelanceopencv/database/downloaded_images/L5WE.png,L5WE
D:/freelanceopencv/database/downloaded_images/8CZH.png,8CZH
D:/freelanceopencv/database/downloaded_images/RQ8L.png,RQ8L
D:/freelanceopencv/database/downloaded_images/8VGZ.png,8VGZ
D:/freelanceopencv/database/downloaded_images/IWLR.png,IWLR
D:/freelanceopencv/database/downloaded_images/EH61.png,EH61
D:/freelanceopencv/database/downloaded_images/23M4.png,23M4
D:/freelanceopencv/database/downloaded_images/QB1C.png,QB1C
D:/freelanceopencv/database/downloaded_images/B4W1.png,B4W1
D:/freelanceopencv/database/downloaded_images/ELZM.png,ELZM
D:/freelanceopencv/database/downloaded_images/QE5Q.png,QE5Q
D:/freelanceopencv/database/downloaded_images/C3QK.png,C3QK
D:/freelanceopencv/database/downloaded_images/SHEF.png,SHEF
D:/freelanceopencv/database/downloaded_images/QPRL.png,QPRL
D:/freelanceopencv/database/downloaded_images/24JC.png,24JC
D:/freelanceopencv/database/downloaded_images/LH8N.png,LH8N
D:/freelanceopencv/database/downloaded_images/6E3N.png,6E3N
D:/freelanceopencv/database/downloaded_images/KM3L.png,KM3L
D:/freelanceopencv/database/downloaded_images/CGAH.png,CGAH
D:/freelanceopencv/database/downloaded_images/V051.png,V051
D:/freelanceopencv/database/downloaded_images/MK2E.png,MK2E
D:/freelanceopencv/database/downloaded_images/Y6QI.png,Y6QI
D:/freelanceopencv/database/downloaded_images/AXPX.png,AXPX
D:/freelanceopencv/database/downloaded_images/LVHE.png,LVHE
D:/freelanceopencv/database/downloaded_images/JB9V.png,JB9V
D:/freelanceopencv/database/downloaded_images/2MA7.png,2MA7
D:/freelanceopencv/database/downloaded_images/LPC7.png,LPC7
D:/freelanceopencv/database/downloaded_images/BGMZ.png,BGMZ
D:/freelanceopencv/database/downloaded_images/LW5I.png,LW5I
D:/freelanceopencv/database/downloaded_images/I34X.png,I34X
D:/freelanceopencv/database/downloaded_images/T9GX.png,T9GX
D:/freelanceopencv/database/downloaded_images/X1PG.png,X1PG
D:/freelanceopencv/database/downloaded_images/BY8Y.png,BY8Y
D:/freelanceopencv/database/downloaded_images/3YFN.png,3YFN
D:/freelanceopencv/database/downloaded_images/5E2C.png,5E2C
D:/freelanceopencv/database/downloaded_images/BZ61.png,BZ61
D:/freelanceopencv/database/downloaded_images/D0KA.png,D0KA
D:/freelanceopencv/database/downloaded_images/CTGL.png,CTGL
D:/freelanceopencv/database/downloaded_images/ZVNP.png,ZVNP
D:/freelanceopencv/database/downloaded_images/756R.png,756R
D:/freelanceopencv/database/downloaded_images/VV0N.png,VV0N
D:/freelanceopencv/database/downloaded_images/image_847.png,image_847
D:/freelanceopencv/database/downloaded_images/A63F.png,A63F
D:/freelanceopencv/database/downloaded_images/V2A5.png,V2A5
D:/freelanceopencv/database/downloaded_images/4CHA.png,4CHA
D:/freelanceopencv/database/downloaded_images/P9DP.png,P9DP
D:/freelanceopencv/database/downloaded_images/5M0C.png,5M0C
D:/freelanceopencv/database/downloaded_images/5BKY.png,5BKY
D:/freelanceopencv/database/downloaded_images/YWJV.png,YWJV
D:/freelanceopencv/database/downloaded_images/IVYT.png,IVYT
D:/freelanceopencv/database/downloaded_images/91OD.png,91OD
D:/freelanceopencv/database/downloaded_images/JEIV.png,JEIV
D:/freelanceopencv/database/downloaded_images/H5BC.png,H5BC
D:/freelanceopencv/database/downloaded_images/3ZRE.png,3ZRE
D:/freelanceopencv/database/downloaded_images/MF2W.png,MF2W
D:/freelanceopencv/database/downloaded_images/B8LD.png,B8LD
D:/freelanceopencv/database/downloaded_images/J274.png,J274
D:/freelanceopencv/database/downloaded_images/OJD2.png,OJD2
D:/freelanceopencv/database/downloaded_images/27X1.png,27X1
D:/freelanceopencv/database/downloaded_images/EEEY.png,EEEY
D:/freelanceopencv/database/downloaded_images/4DJW.png,4DJW
D:/freelanceopencv/database/downloaded_images/VRO2.png,VRO2
D:/freelanceopencv/database/downloaded_images/TDZY.png,TDZY
D:/freelanceopencv/database/downloaded_images/EWXX.png,EWXX
D:/freelanceopencv/database/downloaded_images/G976.png,G976
D:/freelanceopencv/database/downloaded_images/KD12.png,KD12
D:/freelanceopencv/database/downloaded_images/Z35V.png,Z35V
D:/freelanceopencv/database/downloaded_images/F5JC.png,F5JC
D:/freelanceopencv/database/downloaded_images/W4T7.png,W4T7
D:/freelanceopencv/database/downloaded_images/T7BV.png,T7BV
D:/freelanceopencv/database/downloaded_images/MJEI.png,MJEI
D:/freelanceopencv/database/downloaded_images/7DIH.png,7DIH
D:/freelanceopencv/database/downloaded_images/MG9F.png,MG9F
D:/freelanceopencv/database/downloaded_images/7ZWJ.png,7ZWJ
D:/freelanceopencv/database/downloaded_images/M4L3.png,M4L3
D:/freelanceopencv/database/downloaded_images/VH1A.png,VH1A
D:/freelanceopencv/database/downloaded_images/HN1D.png,HN1D
D:/freelanceopencv/database/downloaded_images/MZCH.png,MZCH
D:/freelanceopencv/database/downloaded_images/BLPL.png,BLPL
D:/freelanceopencv/database/downloaded_images/FMVN.png,FMVN
D:/freelanceopencv/database/downloaded_images/LVEW.png,LVEW
D:/freelanceopencv/database/downloaded_images/I5MM.png,I5MM
D:/freelanceopencv/database/downloaded_images/T8G1.png,T8G1
D:/freelanceopencv/database/downloaded_images/GCPM.png,GCPM
D:/freelanceopencv/database/downloaded_images/3048.png,3048
D:/freelanceopencv/database/downloaded_images/03WP.png,03WP
D:/freelanceopencv/database/downloaded_images/X72Z.png,X72Z
D:/freelanceopencv/database/downloaded_images/RFVP.png,RFVP
D:/freelanceopencv/database/downloaded_images/T1HP.png,T1HP
D:/freelanceopencv/database/downloaded_images/E78K.png,E78K
D:/freelanceopencv/database/downloaded_images/6XLF.png,6XLF
D:/freelanceopencv/database/downloaded_images/WL6F.png,WL6F
D:/freelanceopencv/database/downloaded_images/B6FH.png,B6FH
D:/freelanceopencv/database/downloaded_images/XWQN.png,XWQN
D:/freelanceopencv/database/downloaded_images/IDHV.png,IDHV
D:/freelanceopencv/database/downloaded_images/K20R.png,K20R
D:/freelanceopencv/database/downloaded_images/9K2M.png,9K2M
D:/freelanceopencv/database/downloaded_images/3K62.png,3K62
D:/freelanceopencv/database/downloaded_images/G3LQ.png,G3LQ
D:/freelanceopencv/database/downloaded_images/HJ4N.png,HJ4N
D:/freelanceopencv/database/downloaded_images/9KJZ.png,9KJZ
D:/freelanceopencv/database/downloaded_images/E7LM.png,E7LM
D:/freelanceopencv/database/downloaded_images/GAIZ.png,GAIZ
D:/freelanceopencv/database/downloaded_images/V6KT.png,V6KT
D:/freelanceopencv/database/downloaded_images/VIJT.png,VIJT
D:/freelanceopencv/database/downloaded_images/XW7T.png,XW7T
D:/freelanceopencv/database/downloaded_images/ZF75.png,ZF75
D:/freelanceopencv/database/downloaded_images/67R3.png,67R3
D:/freelanceopencv/database/downloaded_images/N96V.png,N96V
D:/freelanceopencv/database/downloaded_images/TK24.png,TK24
D:/freelanceopencv/database/downloaded_images/BWLT.png,BWLT
D:/freelanceopencv/database/downloaded_images/678B.png,678B
D:/freelanceopencv/database/downloaded_images/VXPV.png,VXPV
D:/freelanceopencv/database/downloaded_images/Q8RM.png,Q8RM
D:/freelanceopencv/database/downloaded_images/WC9Z.png,WC9Z
D:/freelanceopencv/database/downloaded_images/429N.png,429N
D:/freelanceopencv/database/downloaded_images/2575.png,2575
D:/freelanceopencv/database/downloaded_images/CWTL.png,CWTL
D:/freelanceopencv/database/downloaded_images/72BV.png,72BV
D:/freelanceopencv/database/downloaded_images/ARCQ.png,ARCQ
D:/freelanceopencv/database/downloaded_images/964H.png,964H
D:/freelanceopencv/database/downloaded_images/IW07.png,IW07
D:/freelanceopencv/database/downloaded_images/5ELI.png,5ELI
D:/freelanceopencv/database/downloaded_images/8MGX.png,8MGX
D:/freelanceopencv/database/downloaded_images/XXZK.png,XXZK
D:/freelanceopencv/database/downloaded_images/VJB9.png,VJB9
D:/freelanceopencv/database/downloaded_images/CJ5T.png,CJ5T
D:/freelanceopencv/database/downloaded_images/NPYK.png,NPYK
D:/freelanceopencv/database/downloaded_images/ZT72.png,ZT72
D:/freelanceopencv/database/downloaded_images/GMZJ.png,GMZJ
D:/freelanceopencv/database/downloaded_images/MG46.png,MG46
D:/freelanceopencv/database/downloaded_images/J5HZ.png,J5HZ
D:/freelanceopencv/database/downloaded_images/HCEF.png,HCEF
D:/freelanceopencv/database/downloaded_images/7Q16.png,7Q16
D:/freelanceopencv/database/downloaded_images/0FG1.png,0FG1
D:/freelanceopencv/database/downloaded_images/ZLJ7.png,ZLJ7
D:/freelanceopencv/database/downloaded_images/6XQB.png,6XQB
D:/freelanceopencv/database/downloaded_images/5GAN.png,5GAN
D:/freelanceopencv/database/downloaded_images/FC7V.png,FC7V
D:/freelanceopencv/database/downloaded_images/PHP2.png,PHP2
D:/freelanceopencv/database/downloaded_images/5HF4.png,5HF4
D:/freelanceopencv/database/downloaded_images/LIB8.png,LIB8
D:/freelanceopencv/database/downloaded_images/GDN5.png,GDN5
D:/freelanceopencv/database/downloaded_images/9Q2G.png,9Q2G
D:/freelanceopencv/database/downloaded_images/77PX.png,77PX
D:/freelanceopencv/database/downloaded_images/04JG.png,04JG
D:/freelanceopencv/database/downloaded_images/J1XG.png,J1XG
D:/freelanceopencv/database/downloaded_images/N9JK.png,N9JK
D:/freelanceopencv/database/downloaded_images/2EW5.png,2EW5
D:/freelanceopencv/database/downloaded_images/LHMC.png,LHMC
D:/freelanceopencv/database/downloaded_images/2T69.png,2T69
D:/freelanceopencv/database/downloaded_images/KZIJ.png,KZIJ
D:/freelanceopencv/database/downloaded_images/E8MD.png,E8MD
D:/freelanceopencv/database/downloaded_images/1HCN.png,1HCN
D:/freelanceopencv/database/downloaded_images/XFPQ.png,XFPQ
D:/freelanceopencv/database/downloaded_images/IPW3.png,IPW3
D:/freelanceopencv/database/downloaded_images/I3E6.png,I3E6
D:/freelanceopencv/database/downloaded_images/AEGN.png,AEGN
D:/freelanceopencv/database/downloaded_images/2J6R.png,2J6R
D:/freelanceopencv/database/downloaded_images/CD0C.png,CD0C
D:/freelanceopencv/database/downloaded_images/RREZ.png,RREZ
D:/freelanceopencv/database/downloaded_images/X7PZ.png,X7PZ
D:/freelanceopencv/database/downloaded_images/24DL.png,24DL
D:/freelanceopencv/database/downloaded_images/2VWF.png,2VWF
D:/freelanceopencv/database/downloaded_images/8EKK.png,8EKK
D:/freelanceopencv/database/downloaded_images/4YFX.png,4YFX
D:/freelanceopencv/database/downloaded_images/XH4Q.png,XH4Q
D:/freelanceopencv/database/downloaded_images/KK4M.png,KK4M
D:/freelanceopencv/database/downloaded_images/229B.png,229B
D:/freelanceopencv/database/downloaded_images/MR87.png,MR87
D:/freelanceopencv/database/downloaded_images/YDL3.png,YDL3
D:/freelanceopencv/database/downloaded_images/OPJZ.png,OPJZ
D:/freelanceopencv/database/downloaded_images/2HID.png,2HID
D:/freelanceopencv/database/downloaded_images/LAXC.png,LAXC
D:/freelanceopencv/database/downloaded_images/C9V1.png,C9V1
D:/freelanceopencv/database/downloaded_images/23PX.png,23PX
D:/freelanceopencv/database/downloaded_images/GN7Q.png,GN7Q
D:/freelanceopencv/database/downloaded_images/FJAL.png,FJAL
D:/freelanceopencv/database/downloaded_images/VGEB.png,VGEB
D:/freelanceopencv/database/downloaded_images/ENYA.png,ENYA
D:/freelanceopencv/database/downloaded_images/BBEL.png,BBEL
D:/freelanceopencv/database/downloaded_images/R8KH.png,R8KH
D:/freelanceopencv/database/downloaded_images/4IZL.png,4IZL
D:/freelanceopencv/database/downloaded_images/GGW6.png,GGW6
D:/freelanceopencv/database/downloaded_images/B5W7.png,B5W7
D:/freelanceopencv/database/downloaded_images/PZHE.png,PZHE
D:/freelanceopencv/database/downloaded_images/ZLQX.png,ZLQX
D:/freelanceopencv/database/downloaded_images/M76E.png,M76E
D:/freelanceopencv/database/downloaded_images/3XEF.png,3XEF
D:/freelanceopencv/database/downloaded_images/16FX.png,16FX
D:/freelanceopencv/database/downloaded_images/CNPZ.png,CNPZ
D:/freelanceopencv/database/downloaded_images/4DIG.png,4DIG
D:/freelanceopencv/database/downloaded_images/5KJF.png,5KJF
D:/freelanceopencv/database/downloaded_images/0BYK.png,0BYK
D:/freelanceopencv/database/downloaded_images/0MT9.png,0MT9
D:/freelanceopencv/database/downloaded_images/2GA4.png,2GA4
D:/freelanceopencv/database/downloaded_images/YMGA.png,YMGA
D:/freelanceopencv/database/downloaded_images/DH5F.png,DH5F
D:/freelanceopencv/database/downloaded_images/IM5W.png,IM5W
D:/freelanceopencv/database/downloaded_images/WKXX.png,WKXX
D:/freelanceopencv/database/downloaded_images/EIM4.png,EIM4
D:/freelanceopencv/database/downloaded_images/VIJK.png,VIJK
D:/freelanceopencv/database/downloaded_images/PAKI.png,PAKI
D:/freelanceopencv/database/downloaded_images/CH1V.png,CH1V
D:/freelanceopencv/database/downloaded_images/3PXL.png,3PXL
D:/freelanceopencv/database/downloaded_images/C3DW.png,C3DW
D:/freelanceopencv/database/downloaded_images/LYV1.png,LYV1
D:/freelanceopencv/database/downloaded_images/14LB.png,14LB
D:/freelanceopencv/database/downloaded_images/Y20H.png,Y20H
D:/freelanceopencv/database/downloaded_images/XHF8.png,XHF8
D:/freelanceopencv/database/downloaded_images/2BDQ.png,2BDQ
D:/freelanceopencv/database/downloaded_images/L2WB.png,L2WB
D:/freelanceopencv/database/downloaded_images/VNAQ.png,VNAQ
D:/freelanceopencv/database/downloaded_images/C4Z9.png,C4Z9
D:/freelanceopencv/database/downloaded_images/WJWV.png,WJWV
D:/freelanceopencv/database/downloaded_images/39I3.png,39I3
D:/freelanceopencv/database/downloaded_images/I576.png,I576
D:/freelanceopencv/database/downloaded_images/V5A3.png,V5A3
D:/freelanceopencv/database/downloaded_images/L6H5.png,L6H5
D:/freelanceopencv/database/downloaded_images/QTZC.png,QTZC
D:/freelanceopencv/database/downloaded_images/40R2.png,40R2
D:/freelanceopencv/database/downloaded_images/T0RM.png,T0RM
D:/freelanceopencv/database/downloaded_images/X6RR.png,X6RR
D:/freelanceopencv/database/downloaded_images/Y56B.png,Y56B
D:/freelanceopencv/database/downloaded_images/GPAL.png,GPAL
D:/freelanceopencv/database/downloaded_images/CHG5.png,CHG5
D:/freelanceopencv/database/downloaded_images/TC12.png,TC12
D:/freelanceopencv/database/downloaded_images/BQN8.png,BQN8
D:/freelanceopencv/database/downloaded_images/YBR7.png,YBR7
D:/freelanceopencv/database/downloaded_images/WIMP.png,WIMP
D:/freelanceopencv/database/downloaded_images/ENGI.png,ENGI
D:/freelanceopencv/database/downloaded_images/G8I7.png,G8I7
D:/freelanceopencv/database/downloaded_images/E4YA.png,E4YA
D:/freelanceopencv/database/downloaded_images/XT1B.png,XT1B
D:/freelanceopencv/database/downloaded_images/96F0.png,96F0
D:/freelanceopencv/database/downloaded_images/G423.png,G423
D:/freelanceopencv/database/downloaded_images/3IB4.png,3IB4
D:/freelanceopencv/database/downloaded_images/46VE.png,46VE
D:/freelanceopencv/database/downloaded_images/13EZ.png,13EZ
D:/freelanceopencv/database/downloaded_images/GHZB.png,GHZB
D:/freelanceopencv/database/downloaded_images/1C1N.png,1C1N
D:/freelanceopencv/database/downloaded_images/2RJH.png,2RJH
D:/freelanceopencv/database/downloaded_images/FW61.png,FW61
D:/freelanceopencv/database/downloaded_images/TEX3.png,TEX3
D:/freelanceopencv/database/downloaded_images/9PVE.png,9PVE
D:/freelanceopencv/database/downloaded_images/N4IZ.png,N4IZ
D:/freelanceopencv/database/downloaded_images/MG14.png,MG14
D:/freelanceopencv/database/downloaded_images/08MT.png,08MT
D:/freelanceopencv/database/downloaded_images/NGG3.png,NGG3
D:/freelanceopencv/database/downloaded_images/Q7BE.png,Q7BE
D:/freelanceopencv/database/downloaded_images/MHQ2.png,MHQ2
D:/freelanceopencv/database/downloaded_images/464B.png,464B
D:/freelanceopencv/database/downloaded_images/A431.png,A431
D:/freelanceopencv/database/downloaded_images/ZFH3.png,ZFH3
D:/freelanceopencv/database/downloaded_images/1FN2.png,1FN2
D:/freelanceopencv/database/downloaded_images/1ECI.png,1ECI
D:/freelanceopencv/database/downloaded_images/2DJI.png,2DJI
D:/freelanceopencv/database/downloaded_images/HN99.png,HN99
D:/freelanceopencv/database/downloaded_images/BMR9.png,BMR9
D:/freelanceopencv/database/downloaded_images/BEWW.png,BEWW
D:/freelanceopencv/database/downloaded_images/03MI.png,03MI
D:/freelanceopencv/database/downloaded_images/JNI1.png,JNI1
D:/freelanceopencv/database/downloaded_images/BH8H.png,BH8H
D:/freelanceopencv/database/downloaded_images/KEET.png,KEET
D:/freelanceopencv/database/downloaded_images/LDT1.png,LDT1
D:/freelanceopencv/database/downloaded_images/9P92.png,9P92
D:/freelanceopencv/database/downloaded_images/PR6Y.png,PR6Y
D:/freelanceopencv/database/downloaded_images/R2G3.png,R2G3
D:/freelanceopencv/database/downloaded_images/CMZA.png,CMZA
D:/freelanceopencv/database/downloaded_images/DL5Q.png,DL5Q
D:/freelanceopencv/database/downloaded_images/HII8.png,HII8
D:/freelanceopencv/database/downloaded_images/JKIK.png,JKIK
D:/freelanceopencv/database/downloaded_images/M30E.png,M30E
D:/freelanceopencv/database/downloaded_images/DAZ0.png,DAZ0
D:/freelanceopencv/database/downloaded_images/THRW.png,THRW
D:/freelanceopencv/database/downloaded_images/90DR.png,90DR
D:/freelanceopencv/database/downloaded_images/X6HR.png,X6HR
D:/freelanceopencv/database/downloaded_images/5PZH.png,5PZH
D:/freelanceopencv/database/downloaded_images/6Z1X.png,6Z1X
D:/freelanceopencv/database/downloaded_images/FLRP.png,FLRP
D:/freelanceopencv/database/downloaded_images/8QTM.png,8QTM
D:/freelanceopencv/database/downloaded_images/JQJP.png,JQJP
D:/freelanceopencv/database/downloaded_images/PAI9.png,PAI9
D:/freelanceopencv/database/downloaded_images/1NRX.png,1NRX
D:/freelanceopencv/database/downloaded_images/WIPM.png,WIPM
D:/freelanceopencv/database/downloaded_images/54H9.png,54H9
D:/freelanceopencv/database/downloaded_images/W7HQ.png,W7HQ
D:/freelanceopencv/database/downloaded_images/YYR3.png,YYR3
D:/freelanceopencv/database/downloaded_images/VC8C.png,VC8C
D:/freelanceopencv/database/downloaded_images/6HOA.png,6HOA
D:/freelanceopencv/database/downloaded_images/ECIM.png,ECIM
D:/freelanceopencv/database/downloaded_images/9DDA.png,9DDA
D:/freelanceopencv/database/downloaded_images/DJLR.png,DJLR
D:/freelanceopencv/database/downloaded_images/AZXF.png,AZXF
D:/freelanceopencv/database/downloaded_images/M40V.png,M40V
D:/freelanceopencv/database/downloaded_images/GN89.png,GN89
D:/freelanceopencv/database/downloaded_images/T5GJ.png,T5GJ
D:/freelanceopencv/database/downloaded_images/YIA7.png,YIA7
D:/freelanceopencv/database/downloaded_images/67NO.png,67NO
D:/freelanceopencv/database/downloaded_images/KMGC.png,KMGC
D:/freelanceopencv/database/downloaded_images/56R9.png,56R9
D:/freelanceopencv/database/downloaded_images/M87T.png,M87T
D:/freelanceopencv/database/downloaded_images/G68G.png,G68G
D:/freelanceopencv/database/downloaded_images/GE5J.png,GE5J
D:/freelanceopencv/database/downloaded_images/VQ2I.png,VQ2I
D:/freelanceopencv/database/downloaded_images/65NZ.png,65NZ
D:/freelanceopencv/database/downloaded_images/5CK5.png,5CK5
D:/freelanceopencv/database/downloaded_images/P6YZ.png,P6YZ
D:/freelanceopencv/database/downloaded_images/7WKX.png,7WKX
D:/freelanceopencv/database/downloaded_images/KQ1G.png,KQ1G
D:/freelanceopencv/database/downloaded_images/TQ3E.png,TQ3E
D:/freelanceopencv/database/downloaded_images/HQ87.png,HQ87
D:/freelanceopencv/database/downloaded_images/ITIA.png,ITIA
D:/freelanceopencv/database/downloaded_images/A0W1.png,A0W1
D:/freelanceopencv/database/downloaded_images/G7KP.png,G7KP
D:/freelanceopencv/database/downloaded_images/5AHH.png,5AHH
D:/freelanceopencv/database/downloaded_images/85L1.png,85L1
D:/freelanceopencv/database/downloaded_images/4D3Q.png,4D3Q
D:/freelanceopencv/database/downloaded_images/2K4Q.png,2K4Q
D:/freelanceopencv/database/downloaded_images/9BVF.png,9BVF
D:/freelanceopencv/database/downloaded_images/Q7NH.png,Q7NH
D:/freelanceopencv/database/downloaded_images/6R4T.png,6R4T
D:/freelanceopencv/database/downloaded_images/QQP0.png,QQP0
D:/freelanceopencv/database/downloaded_images/QKD4.png,QKD4
D:/freelanceopencv/database/downloaded_images/2ZII.png,2ZII
D:/freelanceopencv/database/downloaded_images/FN3B.png,FN3B
D:/freelanceopencv/database/downloaded_images/6LIQ.png,6LIQ
D:/freelanceopencv/database/downloaded_images/3KDT.png,3KDT
D:/freelanceopencv/database/downloaded_images/KRHT.png,KRHT
D:/freelanceopencv/database/downloaded_images/IMAW.png,IMAW
D:/freelanceopencv/database/downloaded_images/AIMR.png,AIMR
D:/freelanceopencv/database/downloaded_images/97TQ.png,97TQ
D:/freelanceopencv/database/downloaded_images/HPDQ.png,HPDQ
D:/freelanceopencv/database/downloaded_images/CY8M.png,CY8M
D:/freelanceopencv/database/downloaded_images/H4HI.png,H4HI
D:/freelanceopencv/database/downloaded_images/0ZXX.png,0ZXX
D:/freelanceopencv/database/downloaded_images/JD0T.png,JD0T
D:/freelanceopencv/database/downloaded_images/FGRT.png,FGRT
D:/freelanceopencv/database/downloaded_images/8YBI.png,8YBI
D:/freelanceopencv/database/downloaded_images/QWNX.png,QWNX
D:/freelanceopencv/database/downloaded_images/56A2.png,56A2
D:/freelanceopencv/database/downloaded_images/2ZDC.png,2ZDC
D:/freelanceopencv/database/downloaded_images/W2OF.png,W2OF
D:/freelanceopencv/database/downloaded_images/Q0CT.png,Q0CT
D:/freelanceopencv/database/downloaded_images/7VAT.png,7VAT
D:/freelanceopencv/database/downloaded_images/2GLK.png,2GLK
D:/freelanceopencv/database/downloaded_images/BK1F.png,BK1F
D:/freelanceopencv/database/downloaded_images/R10C.png,R10C
D:/freelanceopencv/database/downloaded_images/8L1Y.png,8L1Y
D:/freelanceopencv/database/downloaded_images/CIQE.png,CIQE
